<?xml version="1.0" encoding="UTF-8" ?>
<configuration scan="true" scanPeriod="30 seconds">
	<property name="appName" value="bonc-pure" />
	<!-- 用来定义写日志的应用名称 -->
	<contextName>${appName}</contextName>

	<!--输出到文件 -->
	<appender name="FILE"
		class="ch.qos.logback.core.rolling.RollingFileAppender">
		<prudent>true</prudent>
		<encoder charset="UTF-8">
			<pattern>%date [%thread] %-5level %30logger{36} %class{0}#%method [%file:%line] %msg%n</pattern>
		</encoder>
		<rollingPolicy class="ch.qos.logback.core.rolling.TimeBasedRollingPolicy">
			<fileNamePattern>${catalina.home}/logs/monitor.%d{yyyy-MM-dd}.log</fileNamePattern>
		</rollingPolicy>
	</appender>

	<!--输出到控制台 -->
	<appender name="STDOUT" class="ch.qos.logback.core.ConsoleAppender">
		<encoder>
			<pattern>%date [%thread] %-5level %30logger{36} %class{0}#%method [%file:%line] %msg%n</pattern>
		</encoder>
	</appender>

	<!--com.bonc为debug级别 -->
	<logger name="com.bonc.pure" additivity="false" level="info">
		<appender-ref ref="FILE" />
		<appender-ref ref="STDOUT" />
	</logger>

	<logger name="org.hibernate" additivity="false" level="info">
		<appender-ref ref="FILE" />
		<appender-ref ref="STDOUT" />
	</logger>

	<!--获取所有appender使用 -->
	<logger name="all" additivity="false" level="OFF">
		<appender-ref ref="FILE" />
		<appender-ref ref="FILEQUERY" />
		<appender-ref ref="STDOUT" />
	</logger>

	<!-- 顶级日志 -->
	<root level="ERROR">
		<appender-ref ref="FILE" />
		<appender-ref ref="STDOUT" />
	</root>

</configuration>  